Rank, Word, Likelihood 
1, sales, 6.57175867717824e-05
2, bones, 4.558943123017919e-05
3, tones, 4.39009337772096e-05
4, tales, 3.9047328940838395e-05
5, fares, 3.61544050917504e-05
6, lanes, 3.266459247935521e-05
7, seats, 3.202868159210881e-05
8, shoes, 3.15925899857568e-05
9, tries, 3.1287023458891195e-05
10, sites, 3.1057306574112e-05
11, tires, 3.0803896311552e-05
12, sorts, 2.9104631385776643e-05
13, males, 2.8534586533689606e-05
14, boats, 2.6259598169222393e-05
15, saves, 2.5305047779939204e-05
16, tiles, 2.5282443199104e-05
17, trees, 2.51407743363504e-05
18, fires, 2.3409327037824e-05
19, coins, 2.3352322864147197e-05
20, mines, 2.2324721478696002e-05
21, beans, 2.1958197781823998e-05
22, lines, 2.1149736137712003e-05
23, cases, 2.1025484814297597e-05
24, wales, 2.0662976455430398e-05
25, roles, 2.0623360091443197e-05
26, bases, 2.0274574642358396e-05
27, beats, 1.9762378003641597e-05
28, loans, 1.9451554199424007e-05
29, files, 1.9213315587647998e-05
30, dates, 1.92016332353664e-05
31, boots, 1.9186448339770558e-05
32, sides, 1.8646611230520002e-05
33, miles, 1.8475631568575997e-05
34, bears, 1.8344823463296e-05
35, tears, 1.7665385557248e-05
36, trans, 1.7596637948448e-05
37, tools, 1.733246794334016e-05
38, codes, 1.7145978892224e-05
39, carey, 1.71199786028544e-05
40, sells, 1.686486424489344e-05
41, tunes, 1.6830577060206e-05
42, wires, 1.6300735581312e-05
43, rates, 1.61777539857024e-05
44, wines, 1.6166177622504e-05
45, comes, 1.5909219759014398e-05
46, means, 1.5452065105728003e-05
47, souls, 1.542261430110384e-05
48, calls, 1.5410987221029117e-05
49, holes, 1.5033851281612801e-05
50, fails, 1.4953117680749159e-05
51, genes, 1.49419719505056e-05
52, balls, 1.4860594820278077e-05
53, pairs, 1.4796188409736799e-05
54, mails, 1.4379001469620921e-05
55, tions, 1.4285442635568e-05
56, parts, 1.4124056055073918e-05
57, paris, 1.4124056055073918e-05
58, pants, 1.4007465969713637e-05
59, slots, 1.3944789772719839e-05
60, cents, 1.3899775305548159e-05
61, sends, 1.3748530634424e-05
62, fears, 1.3424755867775999e-05
63, moses, 1.3275083423347202e-05
64, pools, 1.317175614261792e-05
65, ports, 1.3141807552442882e-05
66, teens, 1.31132678151072e-05
67, meals, 1.30462372474944e-05
68, fonts, 1.3033325650476959e-05
69, pages, 1.3003648057764e-05
70, gates, 1.2889285301692801e-05
71, cards, 1.2667874518656e-05
72, saint, 1.2642232956804002e-05
73, suits, 1.259225290596735e-05
74, seeds, 1.2571486394616e-05
75, beads, 1.2507834179519997e-05
76, shots, 1.2341940373556641e-05
77, spies, 1.2189075783885e-05
78, bands, 1.2114615342617999e-05
79, toner, 1.2072309002790398e-05
80, deals, 1.2028109839795199e-05
81, bored, 1.1965790585548797e-05
82, faces, 1.1767235619484799e-05
83, brass, 1.17505105209792e-05
84, blues, 1.1644509896510398e-05
85, modes, 1.1634771391151998e-05
86, doors, 1.1555024580633599e-05
87, babes, 1.14190133043168e-05
88, bonds, 1.1272112117351998e-05
89, belts, 1.1092431524624639e-05
90, loads, 1.1079999227520003e-05
91, falls, 1.0874994676908479e-05
92, cells, 1.0791386735109119e-05
93, goals, 1.07284486347456e-05
94, money, 1.0719995457225599e-05
95, tapes, 1.0603369496865601e-05
96, gains, 1.05398096030964e-05
97, roots, 1.0487611608456959e-05
98, three, 1.0394109806080001e-05
99, roses, 1.0311680045721599e-05
100, times, 1.0280073886991999e-05
101, moves, 1.0223340107635201e-05
102, polls, 1.011870008307072e-05
103, maine, 1.007522321058e-05
104, thats, 1.00366009039296e-05
105, songs, 1.002742908584976e-05
106, tells, 1.0020573396887038e-05
107, lions, 9.889921824624e-06
108, penis, 9.808585283348638e-06
109, wants, 9.753889916083319e-06
110, jones, 9.723416367100801e-06
111, loves, 9.685269575654403e-06
112, bills, 9.621967869244799e-06
113, plans, 9.575378484767999e-06
114, since, 9.32574582612e-06
115, share, 9.276325027200001e-06
116, sense, 9.181891894752e-06
117, roads, 9.084750324479999e-06
118, tours, 9.067463645011201e-06
119, wages, 9.054896291532e-06
120, sorry, 9.0276981290496e-06
121, dolls, 8.970854523909119e-06
122, cross, 8.90343341983872e-06
123, foods, 8.886492150192e-06
124, races, 8.7894883859328e-06
125, class, 8.725573427558399e-06
126, sheet, 8.643052546128e-06
127, meets, 8.62449537070512e-06
128, shine, 8.56937928924e-06
129, seeks, 8.5206741119064e-06
130, feels, 8.413814826450718e-06
131, leads, 8.33855611968e-06
132, cakes, 8.3376922539456e-06
133, peers, 8.325513921225599e-06
134, books, 8.230473619732799e-06
135, banks, 8.2110170655522e-06
136, sauce, 8.203428231588e-06
137, tried, 8.144072201865599e-06
138, signs, 8.09385872094e-06
139, lands, 8.076410228412e-06
140, sally, 8.04779015485536e-06
141, marie, 8.034911551008e-06
142, tired, 8.018313278976e-06
143, waves, 7.9564334627232e-06
144, basis, 7.920451961932319e-06
145, birds, 7.909284450239999e-06
146, tanks, 7.906905322383598e-06
147, rules, 7.906507251552e-06
148, diane, 7.792992287999999e-06
149, takes, 7.7421428072352e-06
150, burns, 7.649710197191999e-06
151, costs, 7.642578391902719e-06
152, walls, 7.572640272402239e-06
153, rolls, 7.558121528017918e-06
154, seems, 7.4870185639046415e-06
155, suite, 7.449517223032499e-06
156, moore, 7.41452700384e-06
157, monte, 7.414415406504e-06
158, chris, 7.39171997093376e-06
159, chaos, 7.388189175628799e-06
160, sheer, 7.373946096316801e-06
161, sluts, 7.372576491316559e-06
162, turns, 7.366387597295999e-06
163, trace, 7.352948041919999e-06
164, buses, 7.232237357435999e-06
165, games, 7.180448307832799e-06
166, teams, 7.173217165670399e-06
167, pills, 7.041363459868799e-06
168, casey, 7.025651596454399e-06
169, stats, 6.965141373626401e-06
170, saver, 6.958630030060801e-06
171, notes, 6.893284447795199e-06
172, reads, 6.836977048319999e-06
173, breed, 6.795891452750399e-06
174, shore, 6.777701995680001e-06
175, mills, 6.7710144265055996e-06
176, louis, 6.762552431751361e-06
177, lives, 6.739749446976001e-06
178, peace, 6.714618629759999e-06
179, areas, 6.6882432790476e-06
180, panel, 6.6855055261175975e-06
181, saved, 6.586952461689601e-06
182, sandy, 6.560698495806e-06
183, talks, 6.543645784041599e-06
184, stars, 6.465532076784001e-06
185, booty, 6.411138796520639e-06
186, board, 6.3451191006719985e-06
187, leone, 6.3275653180800005e-06
188, shade, 6.324767064000001e-06
189, plots, 6.296583561677279e-06
190, rides, 6.289006782239999e-06
191, coast, 6.271338386432e-06
192, solid, 6.218030644784638e-06
193, carry, 6.208343888947201e-06
194, woods, 6.187976209296e-06
195, belle, 6.156128558015999e-06
196, homes, 6.1129021734144e-06
197, force, 6.1016092577280004e-06
198, fired, 6.093492717311999e-06
199, honey, 6.070124469427199e-06
200, salad, 6.0624378774432005e-06
201, parks, 6.058842611529599e-06
202, bonus, 5.98674399121584e-06
203, barry, 5.9866173214848e-06
204, alias, 5.959922802530399e-06
205, solar, 5.9591208069503995e-06
206, trade, 5.929796807999999e-06
207, lance, 5.924677923576001e-06
208, watts, 5.891767036112159e-06
209, votes, 5.873359708070401e-06
210, clone, 5.865277440959999e-06
211, marks, 5.826216891715201e-06
212, words, 5.791836451968001e-06
213, dance, 5.765778515663999e-06
214, finds, 5.740241950979998e-06
215, taxes, 5.722453379260801e-06
216, paint, 5.708431429668e-06
217, feeds, 5.6764867644719986e-06
218, plane, 5.664748593599999e-06
219, makes, 5.657719743748801e-06
220, lease, 5.56886571264e-06
221, boxes, 5.5292770338623996e-06
222, minds, 5.51984871726e-06
223, slide, 5.515226026199999e-06
224, lined, 5.505316873056e-06
225, dried, 5.4869876373311984e-06
226, looks, 5.486982413155201e-06
227, later, 5.4257720759424015e-06
228, loose, 5.406573757824001e-06
229, posts, 5.3931002691628795e-06
230, fotos, 5.38133008088448e-06
231, lakes, 5.3599450203936005e-06
232, tests, 5.340800363708159e-06
233, press, 5.332787154897119e-06
234, farms, 5.323835475048959e-06
235, corps, 5.317199406274559e-06
236, point, 5.311442193552e-06
237, whats, 5.3111455711776e-06
238, wells, 5.302664171562239e-06
239, sarah, 5.290898563382401e-06
240, goods, 5.2884708956639995e-06
241, based, 5.277510657619199e-06
242, bless, 5.2180034872233595e-06
243, pipes, 5.217408974232e-06
244, silly, 5.2107993808416e-06
245, bikes, 5.205701998223999e-06
246, cited, 5.172917637887998e-06
247, leeds, 5.171249722608e-06
248, wives, 5.151647565792001e-06
249, grass, 5.1173998565184e-06
250, nails, 5.114853517324319e-06
251, girls, 5.1055570323648e-06
252, plate, 5.098273734239999e-06
253, raise, 5.032496338847999e-06
254, filed, 5.001262890623999e-06
255, dated, 4.998221951923199e-06
256, heads, 4.98396457728e-06
257, meant, 4.98046978112e-06
258, forms, 4.953592720189441e-06
259, fairy, 4.9441363963992e-06
260, hints, 4.9384112952096e-06
261, terms, 4.905554964910079e-06
262, false, 4.899949706303999e-06
263, craps, 4.869488320300799e-06
264, hands, 4.827279676752e-06
265, joins, 4.8027560570352e-06
266, chess, 4.789278637059839e-06
267, cause, 4.778804934624e-06
268, brand, 4.756609316447999e-06
269, sound, 4.7548478270304e-06
270, bride, 4.752482001299999e-06
271, dress, 4.72784620364352e-06
272, party, 4.719543822564479e-06
273, jeans, 4.683293779776e-06
274, santa, 4.683008962940399e-06
275, chile, 4.629589830095999e-06
276, tuner, 4.6282370210439995e-06
277, folks, 4.6269917921088e-06
278, danny, 4.6106987485104e-06
279, facts, 4.59698050849104e-06
280, chase, 4.568673697279999e-06
281, fence, 4.5540276351840005e-06
282, beast, 4.551107496191999e-06
283, satin, 4.5489163130712e-06
284, taste, 4.512157380431998e-06
285, spots, 4.5080139351465e-06
286, poems, 4.49211415309632e-06
287, ranks, 4.4882698646951996e-06
288, wiley, 4.470552305856e-06
289, daily, 4.42977259508784e-06
290, boost, 4.418475795187199e-06
291, fleet, 4.409493235056e-06
292, blade, 4.409336087999999e-06
293, gives, 4.4027865161280005e-06
294, forty, 4.3913261466547204e-06
295, dairy, 4.3832832275232e-06
296, price, 4.312558763172e-06
297, seven, 4.301576121024e-06
298, shake, 4.2867865656e-06
299, salon, 4.2601034264544e-06
300, const, 4.2533835346688e-06
301, wired, 4.243112729856e-06
302, rated, 4.211100384691199e-06
303, candy, 4.198019841287999e-06
304, berry, 4.1920677646848e-06
305, brake, 4.173664676399999e-06
306, peter, 4.1705416386815996e-06
307, tracy, 4.1531478940224e-06
308, water, 4.1472855523008e-06
309, cover, 4.1429894245376e-06
310, nodes, 4.138684560192e-06
311, names, 4.1271784995167995e-06
312, butts, 4.124348469523799e-06
313, state, 4.1205446722799995e-06
314, sunny, 4.1085216199755e-06
315, boobs, 4.1017442301619194e-06
316, alone, 4.088358413279999e-06
317, alien, 4.082497827407998e-06
318, hopes, 4.0824682359552e-06
319, socks, 4.0635496610784e-06
320, terry, 4.0368059956224e-06
321, meter, 4.0104161307392e-06
322, tract, 4.006088933184e-06
323, place, 4.001176854719999e-06
324, title, 4.0008535070399995e-06
325, winds, 3.99713182974e-06
326, brain, 3.9924205156079995e-06
327, larry, 3.991078214323201e-06
328, coach, 3.9849220486655994e-06
329, davis, 3.95737735758912e-06
330, rooms, 3.95313630248448e-06
331, works, 3.9255780396672e-06
332, tubes, 3.922465046135999e-06
333, shirt, 3.900545055792e-06
334, arise, 3.878165587823998e-06
335, dealt, 3.876869348608e-06
336, worse, 3.868050891264e-06
337, piece, 3.85040948436e-06
338, train, 3.8445530891039995e-06
339, hills, 3.8340408367872e-06
340, write, 3.826385317061999e-06
341, close, 3.771596126591999e-06
342, count, 3.7673627743359997e-06
343, shame, 3.7667501625600005e-06
344, hours, 3.7520539220736008e-06
345, gross, 3.73900344355296e-06
346, ships, 3.72214785988584e-06
347, holds, 3.717161031168e-06
348, laser, 3.7168674850943997e-06
349, colin, 3.7105949760767993e-06
350, short, 3.6926790183360008e-06
351, diary, 3.6773671334400004e-06
352, dense, 3.6756509712639998e-06
353, fancy, 3.6733707606304793e-06
354, glass, 3.6643110083712e-06
355, phone, 3.6631830866399992e-06
356, loops, 3.6519915733459204e-06
357, penny, 3.6417024103824e-06
358, wrote, 3.6224713659959988e-06
359, motel, 3.6132217523583992e-06
360, booth, 3.5773997924419195e-06
361, crops, 3.5578680791875193e-06
362, links, 3.544323913188e-06
363, shops, 3.52378888302672e-06
364, james, 3.5165245378536e-06
365, salem, 3.5124454782143998e-06
366, trips, 3.4897064627224795e-06
367, pride, 3.4778699702999995e-06
368, belly, 3.4771512338035195e-06
369, likes, 3.4704679988160004e-06
370, walks, 3.4627515488495996e-06
371, firms, 3.4470877176575998e-06
372, tooth, 3.4449035038329594e-06
373, paste, 3.429000237383999e-06
374, lists, 3.4189001274528002e-06
375, there, 3.41814384912e-06
376, spare, 3.3882680700000002e-06
377, daisy, 3.3737998175481598e-06
378, janet, 3.368270739288e-06
379, canal, 3.3575615751383996e-06
380, stone, 3.3451733629800005e-06
381, chose, 3.3380793304319996e-06
382, print, 3.3264960129719997e-06
383, grace, 3.3254048836799993e-06
384, hired, 3.317922736128e-06
385, canon, 3.2938309523951995e-06
386, route, 3.2802625241279996e-06
387, tasks, 3.2718228920207995e-06
388, blair, 3.2383380598847997e-06
389, chart, 3.23392134912e-06
390, phase, 3.2239532371199996e-06
391, billy, 3.2151740860511997e-06
392, genre, 3.20556919056e-06
393, creek, 3.203450516448e-06
394, camel, 3.1880571576671993e-06
395, menus, 3.1705284138283203e-06
396, funds, 3.1624481118824996e-06
397, coral, 3.1500649840127997e-06
398, front, 3.149221930776e-06
399, court, 3.147417001344e-06
400, spine, 3.1300492533749996e-06
401, those, 3.0996450925439997e-06
402, plant, 3.0863113027199997e-06
403, perry, 3.0677584025088e-06
404, ferry, 3.0677584025088e-06
405, merit, 3.0653988201216e-06
406, south, 3.0653117731310397e-06
407, faced, 3.0630339964223995e-06
408, alice, 3.050280720431999e-06
409, broke, 3.0494679006599994e-06
410, tiger, 3.0466756756799997e-06
411, least, 3.034071664128e-06
412, horse, 3.024641298432e-06
413, mouse, 3.0172447737279996e-06
414, specs, 3.0029492329605006e-06
415, flags, 2.9938208680223997e-06
416, blogs, 2.98909325020176e-06
417, blake, 2.988550015199999e-06
418, chair, 2.9722677126911997e-06
419, faith, 2.9719972747119593e-06
420, allen, 2.9690893290239992e-06
421, learn, 2.96890247808e-06
422, shall, 2.9546500715424e-06
423, trail, 2.9528752297823996e-06
424, merry, 2.9499736121856e-06
425, bruce, 2.9496177737639997e-06
426, whale, 2.9476039454399995e-06
427, logos, 2.9433481818912007e-06
428, hosts, 2.93655721462272e-06
429, crime, 2.9351954681279993e-06
430, bound, 2.9338422762527993e-06
431, minus, 2.9316529853892e-06
432, beach, 2.8918561700736e-06
433, solve, 2.88203056992e-06
434, laden, 2.8757739301199997e-06
435, color, 2.8731159397785596e-06
436, treat, 2.871777288276e-06
437, space, 2.864626641e-06
438, shape, 2.85317269776e-06
439, giant, 2.8500599952e-06
440, trend, 2.8406107130543996e-06
441, worry, 2.8384961020416004e-06
442, broad, 2.8375048859255997e-06
443, films, 2.8292135041151997e-06
444, fatty, 2.827273893706079e-06
445, timer, 2.8269154630079997e-06
446, fixes, 2.815744525776e-06
447, brian, 2.7952241839829996e-06
448, store, 2.79470179692e-06
449, teach, 2.7847503859967993e-06
450, green, 2.760166861451999e-06
451, helen, 2.7465975613439996e-06
452, shoot, 2.7191545498656e-06
453, cindy, 2.7181423432799993e-06
454, rally, 2.71430589935232e-06
455, blast, 2.7119613162239995e-06
456, dirty, 2.7091735227647997e-06
457, betty, 2.7053397866476794e-06
458, forge, 2.700891553152e-06
459, grams, 2.6997306329664e-06
460, hairy, 2.6920952106048e-06
461, clips, 2.69101770914592e-06
462, polar, 2.6907614045568e-06
463, sizes, 2.6900029316160003e-06
464, frame, 2.6837704598399997e-06
465, grade, 2.6817781319999993e-06
466, weeks, 2.6790772030343996e-06
467, lover, 2.6633503443456005e-06
468, moved, 2.6611550341376e-06
469, horny, 2.6567650916352e-06
470, derek, 2.655655847936e-06
471, large, 2.644401269952e-06
472, serve, 2.64262976064e-06
473, acres, 2.6334925501248003e-06
474, these, 2.630934962656e-06
475, blind, 2.6286375619151995e-06
476, blame, 2.6260046035199997e-06
477, chain, 2.6238861855359996e-06
478, discs, 2.6112245602175996e-06
479, cocks, 2.6001594364032e-06
480, dover, 2.5919194921983998e-06
481, drain, 2.5902294022079995e-06
482, could, 2.568796922236159e-06
483, cable, 2.5674499314239994e-06
484, grant, 2.5650539956799996e-06
485, karen, 2.5579775195519997e-06
486, mount, 2.556424739728e-06
487, carol, 2.5509409006233596e-06
488, speed, 2.5495442072099997e-06
489, colon, 2.5363560595967994e-06
490, bunny, 2.5350452548784993e-06
491, manor, 2.53186069486032e-06
492, hayes, 2.5304154902208e-06
493, loved, 2.5210942428672003e-06
494, pearl, 2.5031062552319995e-06
495, reset, 2.501291659776e-06
496, mercy, 2.49406859939328e-06
497, blond, 2.4885534285215997e-06
498, roger, 2.485230127744e-06
499, hence, 2.4796799688959994e-06
500, crude, 2.4668249003999994e-06
501, array, 2.4644622195648e-06
502, alter, 2.4548257353983995e-06
503, forth, 2.45034926620416e-06
504, ellis, 2.4481013258303997e-06
505, crest, 2.4357877250111998e-06
506, white, 2.424952011635999e-06
507, fault, 2.4123432704507996e-06
508, lotus, 2.41083309356928e-06
509, bread, 2.4084340588043994e-06
510, death, 2.3906392250111994e-06
511, waste, 2.3877331495919997e-06
512, harry, 2.3854720361472004e-06
513, table, 2.3840606506079998e-06
514, chips, 2.3817053287843197e-06
515, movie, 2.362738797792e-06
516, heart, 2.3560806297600004e-06
517, slope, 2.3553914786639994e-06
518, rings, 2.3534435450447997e-06
519, built, 2.349327653788499e-06
520, month, 2.3368192005326397e-06
521, birth, 2.3300603550143994e-06
522, aaron, 2.3150563406208e-06
523, slave, 2.3026532904e-06
524, surge, 2.29318660116e-06
525, ready, 2.2845712780799996e-06
526, while, 2.274884657891999e-06
527, crash, 2.2720814274815995e-06
528, baths, 2.24410884919776e-06
529, early, 2.2407821287488e-06
530, world, 2.23463695977984e-06
531, drops, 2.22585835495968e-06
532, paper, 2.2158673428527997e-06
533, randy, 2.212749374472e-06
534, baker, 2.2108953144096e-06
535, spice, 2.2108449156749998e-06
536, teeth, 2.2005251131593594e-06
537, fever, 2.2002070062335997e-06
538, wings, 2.1939812487683997e-06
539, rover, 2.1837431942144e-06
540, delay, 2.1815210656511996e-06
541, badly, 2.1760425507365997e-06
542, donor, 2.17193883542784e-06
543, choir, 2.1716730223372797e-06
544, model, 2.1693555796639996e-06
545, whole, 2.1536525601359997e-06
546, range, 2.150308475016e-06
547, pound, 2.1469880259167997e-06
548, found, 2.1469880259167997e-06
549, noise, 2.144329106304e-06
550, moral, 2.1375440962944e-06
551, whore, 2.13105050928e-06
552, purse, 2.1296054740799994e-06
553, blend, 2.1122489917583992e-06
554, trash, 2.1097898969471996e-06
555, worst, 2.1074208304128e-06
556, first, 2.1060323274239996e-06
557, plain, 2.0920502564639994e-06
558, start, 2.0839536273600003e-06
559, grand, 2.0715246192959995e-06
560, prime, 2.071264782312e-06
561, trial, 2.0674045287323995e-06
562, steel, 2.0616230754756004e-06
563, ruled, 2.0580789989759997e-06
564, carlo, 2.05309268548608e-06
565, kills, 2.0521949350752e-06
566, maria, 2.0502877750848e-06
567, hotel, 2.0459622263807997e-06
568, autos, 2.037871002837599e-06
569, child, 2.0370195252422393e-06
570, field, 2.0251221782615994e-06
571, frost, 2.0250692921951995e-06
572, stand, 2.0144885064480003e-06
573, aimed, 2.0087166939839993e-06
574, voice, 2.006884261008e-06
575, elite, 1.99139209236e-06
576, diana, 1.9885566528e-06
577, march, 1.98743940537984e-06
578, brave, 1.9842012395999995e-06
579, packs, 1.9719817933752003e-06
580, bench, 1.9613314830902396e-06
581, cheat, 1.959972090384e-06
582, merge, 1.9545880956159996e-06
583, guess, 1.9426953831053996e-06
584, needs, 1.941695298144e-06
585, donna, 1.9381181130879996e-06
586, basin, 1.9227535362503995e-06
587, flame, 1.9217121811199998e-06
588, truly, 1.9177096775709596e-06
589, camps, 1.9071192956558397e-06
590, heard, 1.902758787072e-06
591, women, 1.8977517555359998e-06
592, build, 1.8973051178696992e-06
593, clear, 1.8893447877024e-06
594, today, 1.885413092472e-06
595, taken, 1.8794675521439998e-06
596, weird, 1.8779857411391998e-06
597, years, 1.8743114649600003e-06
598, scale, 1.8718983214200002e-06
599, third, 1.8716671157183998e-06
600, latin, 1.8711854337455999e-06
601, shark, 1.8552650054400004e-06
602, funny, 1.8551480600834998e-06
603, liver, 1.8533623530240003e-06
604, perth, 1.8440772828134396e-06
605, float, 1.841106304584e-06
606, holly, 1.8410487401779197e-06
607, relay, 1.8379744411391999e-06
608, shell, 1.83235960081944e-06
609, bytes, 1.8098406786096e-06
610, where, 1.8088055647199998e-06
611, armed, 1.8078450245855995e-06
612, noted, 1.7943351602175998e-06
613, snake, 1.7676035514e-06
614, catch, 1.75455176899968e-06
615, lived, 1.754369705088e-06
616, total, 1.7522767144896e-06
617, super, 1.750538539386e-06
618, token, 1.748761175616e-06
619, pulse, 1.7478837381599996e-06
620, burke, 1.7471991977999997e-06
621, prior, 1.7459386957108798e-06
622, euros, 1.742971943664e-06
623, grain, 1.7387169806159998e-06
624, rider, 1.7294127177599997e-06
625, their, 1.7116221384662399e-06
626, clara, 1.7113254681599995e-06
627, house, 1.708494318336e-06
628, worth, 1.70626414871808e-06
629, batch, 1.69188920582112e-06
630, oasis, 1.6892917977556797e-06
631, malta, 1.6827833625696e-06
632, maple, 1.679976804618e-06
633, filme, 1.6737493190399997e-06
634, kinds, 1.67298500142e-06
635, locks, 1.6715310662592004e-06
636, clean, 1.6678933956719998e-06
637, alike, 1.6672681357199994e-06
638, cloth, 1.6637162837702398e-06
639, henry, 1.6566137812223998e-06
640, towns, 1.6540792952736e-06
641, pilot, 1.6536781100159998e-06
642, paths, 1.6422405754665598e-06
643, whose, 1.6402631192639998e-06
644, minor, 1.6393342628592e-06
645, wanna, 1.636039380276e-06
646, shows, 1.6317051970665604e-06
647, piano, 1.62465797952e-06
648, handy, 1.6130322542879998e-06
649, wider, 1.6122328840799998e-06
650, round, 1.6036839006847997e-06
651, bible, 1.6030070229599994e-06
652, porno, 1.5966292325376002e-06
653, jokes, 1.5955189758144e-06
654, leave, 1.5895384416000002e-06
655, milan, 1.5895027159199997e-06
656, burst, 1.5854968503359997e-06
657, crack, 1.5837118859519998e-06
658, frank, 1.58222288304e-06
659, atlas, 1.5818394899088e-06
660, reach, 1.5807336408576e-06
661, alert, 1.5795123917759997e-06
662, story, 1.5785246701224002e-06
663, wheel, 1.5720542741903998e-06
664, texts, 1.5654070031558398e-06
665, rhode, 1.5585946991999999e-06
666, sucks, 1.557868587849e-06
667, maker, 1.5558152212512004e-06
668, drums, 1.5536156805907199e-06
669, blank, 1.5481668931199997e-06
670, joint, 1.548011948208e-06
671, tribe, 1.5458278904639996e-06
672, chest, 1.5436679409535997e-06
673, swiss, 1.54234224863928e-06
674, sagem, 1.5392182052520002e-06
675, final, 1.5340880535659995e-06
676, ranch, 1.53103884679584e-06
677, blood, 1.5309328686854399e-06
678, voted, 1.5288467946752e-06
679, ellen, 1.5212648505599999e-06
680, river, 1.5196151093759997e-06
681, haven, 1.510336743552e-06
682, safer, 1.5059721706848002e-06
683, poker, 1.5054166318463999e-06
684, fruit, 1.4984873889155995e-06
685, spain, 1.4977950529499999e-06
686, wound, 1.4950230756384e-06
687, wrist, 1.4895047824271999e-06
688, fiber, 1.487872556352e-06
689, mario, 1.4850733073587202e-06
690, korea, 1.480052607488e-06
691, notre, 1.4788476595199998e-06
692, racks, 1.4729637130272e-06
693, track, 1.470589608384e-06
694, heath, 1.4682666106368e-06
695, katie, 1.4588607256559996e-06
696, stops, 1.4529908705986802e-06
697, smile, 1.4446828174184999e-06
698, wendy, 1.4444687471759998e-06
699, drill, 1.4404027736260795e-06
700, boxed, 1.4392814147711998e-06
701, focus, 1.4377938881414402e-06
702, drugs, 1.4318771384548799e-06
703, stage, 1.4314691055600002e-06
704, fatal, 1.4311669393367996e-06
705, sweet, 1.4311548047159998e-06
706, touch, 1.42938419337792e-06
707, disks, 1.4272822416959997e-06
708, eagle, 1.4268808838999999e-06
709, badge, 1.4266669587299997e-06
710, twins, 1.4251279509324002e-06
711, motor, 1.4229944094182398e-06
712, texas, 1.4200949606688e-06
713, label, 1.4194176744384002e-06
714, draws, 1.4106615440255998e-06
715, trust, 1.4088473122463996e-06
716, china, 1.3991925837119998e-06
717, theme, 1.3879735629759998e-06
718, scene, 1.374953993865e-06
719, rocks, 1.3705273876607998e-06
720, spent, 1.3703284127250002e-06
721, level, 1.3590509167871999e-06
722, lucas, 1.355188091418e-06
723, score, 1.3533398465400002e-06
724, sport, 1.3487869791000003e-06
725, greek, 1.3452914114639997e-06
726, clark, 1.3413091507199997e-06
727, honor, 1.33394668632576e-06
728, earth, 1.3328328779712e-06
729, mouth, 1.3309588550001599e-06
730, devel, 1.3226012753408e-06
731, thank, 1.3194679097600003e-06
732, singh, 1.3010516167428e-06
733, gonna, 1.3009808593759997e-06
734, great, 1.2987746091539998e-06
735, fully, 1.2962553533747997e-06
736, sonic, 1.28364647780592e-06
737, spray, 1.27903847526e-06
738, condo, 1.278177151104e-06
739, picks, 1.2768227439119998e-06
740, guide, 1.2669626103749995e-06
741, would, 1.2622536600643199e-06
742, helps, 1.2619612673740798e-06
743, cedar, 1.2575299074240001e-06
744, nancy, 1.2565107662889598e-06
745, trout, 1.2536918445168002e-06
746, yards, 1.24806645504e-06
747, annie, 1.2464754996779995e-06
748, patch, 1.2381258172867198e-06
749, arena, 1.2366245136239997e-06
750, steps, 1.2332781230578202e-06
751, lamps, 1.2260052614930402e-06
752, verse, 1.2183915566080002e-06
753, risks, 1.2025133847359998e-06
754, blink, 1.194835255416e-06
755, match, 1.1905887003926402e-06
756, floor, 1.1835544020307197e-06
757, begin, 1.1800244627639997e-06
758, brick, 1.1786155363223999e-06
759, marco, 1.1655005703321602e-06
760, layer, 1.1641912525152002e-06
761, glory, 1.1623037890463998e-06
762, fibre, 1.1607705647999997e-06
763, tamil, 1.15648399954152e-06
764, costa, 1.1537144043263997e-06
765, herbs, 1.15127795367936e-06
766, flash, 1.1480623085951998e-06
767, shock, 1.1460477919968002e-06
768, spoke, 1.144037287125e-06
769, truth, 1.1406671250530397e-06
770, rouge, 1.1395567418559998e-06
771, trick, 1.1349631090512e-06
772, dicks, 1.1319824675519999e-06
773, cabin, 1.1230386767711998e-06
774, simon, 1.1215665495719997e-06
775, flood, 1.1203378464326396e-06
776, split, 1.11622069926e-06
777, probe, 1.1121431077439998e-06
778, spend, 1.106670287745e-06
779, ahead, 1.1033260610063998e-06
780, bitch, 1.0954678311071999e-06
781, break, 1.094742754002e-06
782, black, 1.0935153498239999e-06
783, alloy, 1.0913274558950398e-06
784, delta, 1.0863934023167997e-06
785, drink, 1.082597460912e-06
786, verde, 1.0792838592e-06
787, samoa, 1.0771646618952e-06
788, named, 1.0743124776383997e-06
789, began, 1.0704863269799999e-06
790, given, 1.06881190416e-06
791, hoped, 1.0626743102976e-06
792, kenny, 1.0613687653296e-06
793, jenny, 1.0613687653296e-06
794, prove, 1.0609259909399998e-06
795, guard, 1.0593943298399999e-06
796, fraud, 1.0530794834208e-06
797, allan, 1.0522322072639997e-06
798, tower, 1.0478936470912001e-06
799, scary, 1.0462037105520003e-06
800, login, 1.045318473864e-06
801, bacon, 1.0423657320047999e-06
802, david, 1.0301129147865598e-06
803, laura, 1.018468783728e-06
804, think, 1.018331281968e-06
805, smart, 1.0091586463200003e-06
806, clubs, 1.0085273528601597e-06
807, susan, 1.008403889535e-06
808, sugar, 1.0011474334575001e-06
809, bunch, 9.991371853070996e-07
810, fresh, 9.943222071758397e-07
811, drive, 9.9352298628e-07
812, teddy, 9.899435800799997e-07
813, gauge, 9.75777712338e-07
814, brook, 9.718304260463998e-07
815, grill, 9.668845389891598e-07
816, metal, 9.636827133215998e-07
817, wheat, 9.63089734068e-07
818, yours, 9.620651082240001e-07
819, bucks, 9.612380648429998e-07
820, daddy, 9.524803251600001e-07
821, logan, 9.482846914800001e-07
822, radar, 9.46584232056e-07
823, busty, 9.440858190581997e-07
824, elvis, 9.426597059231999e-07
825, drove, 9.405766202399998e-07
826, vegas, 9.405073181160001e-07
827, still, 9.402629216725799e-07
828, digit, 9.399050848799999e-07
829, patio, 9.251641068537597e-07
830, mason, 9.248687895887999e-07
831, kings, 9.182828785571999e-07
832, stood, 9.0548338220208e-07
833, liked, 9.03369475008e-07
834, sleep, 9.023841315216e-07
835, casio, 8.9812278468864e-07
836, limit, 8.961431429519999e-07
837, virus, 8.959366262592001e-07
838, kerry, 8.940936356352001e-07
839, jerry, 8.940936356352001e-07
840, lodge, 8.849668744800001e-07
841, sudan, 8.8380225950625e-07
842, milfs, 8.831757947616e-07
843, valid, 8.794517886316797e-07
844, click, 8.752042208448e-07
845, pasta, 8.749862674703998e-07
846, zones, 8.73360751536e-07
847, fluid, 8.665420743777598e-07
848, grave, 8.641285091999998e-07
849, watch, 8.6215043821536e-07
850, brief, 8.616377329559997e-07
851, curve, 8.613999687999999e-07
852, dodge, 8.612321307199999e-07
853, meyer, 8.605026737216e-07
854, glenn, 8.578947604919999e-07
855, craig, 8.558914569407999e-07
856, being, 8.504499213936e-07
857, brush, 8.463372437102399e-07
858, favor, 8.3903799544128e-07
859, north, 8.381648449843199e-07
860, flows, 8.3245971138912e-07
861, clerk, 8.318280136319999e-07
862, wayne, 8.309799275400001e-07
863, clock, 8.285632435584e-07
864, lanka, 8.26350146676e-07
865, guild, 8.262848597618997e-07
866, apart, 8.233635960000001e-07
867, rebel, 8.149486998015999e-07
868, jamie, 8.127117822059999e-07
869, spank, 8.111308410000001e-07
870, allah, 8.081850734783999e-07
871, trunk, 8.042632294319999e-07
872, pitch, 8.016641982431999e-07
873, block, 7.989716991456e-07
874, sheep, 7.986618175536e-07
875, power, 7.963435806143999e-07
876, scott, 7.943129136918001e-07
877, alive, 7.926356710799998e-07
878, niger, 7.919740483199999e-07
879, linda, 7.894133964e-07
880, error, 7.829901179136e-07
881, cloud, 7.807500958118399e-07
882, lewis, 7.7562021197088e-07
883, chick, 7.746060345408e-07
884, proud, 7.694274290155198e-07
885, juice, 7.693918397549999e-07
886, ghost, 7.637550457152e-07
887, civil, 7.636605915455997e-07
888, ghana, 7.613521731200001e-07
889, cargo, 7.6029069462528e-07
890, elder, 7.5515892816e-07
891, welsh, 7.530171899443199e-07
892, never, 7.526013494271999e-07
893, cache, 7.48011450816e-07
894, keeps, 7.4631986737392e-07
895, mixer, 7.44572189088e-07
896, kelly, 7.416146309644799e-07
897, acids, 7.34834106567e-07
898, doing, 7.331613626303999e-07
899, fixed, 7.32943699488e-07
900, punch, 7.311693578300999e-07
901, steal, 7.306301558691e-07
902, nurse, 7.284514361599999e-07
903, tommy, 7.2688916297088e-07
904, lower, 7.254648326016002e-07
905, focal, 7.234880058144e-07
906, roman, 7.214373153119999e-07
907, thick, 7.192770320736e-07
908, funky, 7.162280485132499e-07
909, julie, 7.129848133799999e-07
910, flesh, 7.119838026691198e-07
911, bring, 7.077374345843999e-07
912, gotta, 7.072633161791999e-07
913, manga, 7.063863822132001e-07
914, mixed, 7.04802754656e-07
915, vault, 7.030738676531998e-07
916, plays, 7.030024710335999e-07
917, congo, 7.0157723627264e-07
918, sized, 7.002129214079999e-07
919, myers, 6.991419430908002e-07
920, grows, 6.9186284191728e-07
921, ratio, 6.9104753531136e-07
922, aware, 6.850940975999999e-07
923, elect, 6.842185866720001e-07
924, skins, 6.819333973352999e-07
925, novel, 6.780631929344e-07
926, honda, 6.780419193599998e-07
927, craft, 6.726518225279999e-07
928, woman, 6.72554880396e-07
929, value, 6.718737293279999e-07
930, dicke, 6.696754703999999e-07
931, spell, 6.692871918577499e-07
932, shaft, 6.66208797408e-07
933, lunch, 6.660914568714e-07
934, nasty, 6.624984462969599e-07
935, dryer, 6.602186066111999e-07
936, local, 6.590937854016001e-07
937, tyler, 6.566168778623999e-07
938, claim, 6.527213981567998e-07
939, types, 6.484074872184e-07
940, stack, 6.467690371680001e-07
941, rural, 6.365499695519999e-07
942, tough, 6.3272024330528e-07
943, grove, 6.3137131398e-07
944, derby, 6.2636848275456e-07
945, guest, 6.261645665659999e-07
946, smoke, 6.254070502950001e-07
947, panic, 6.229350431247599e-07
948, buyer, 6.229260748619998e-07
949, check, 6.224368239936e-07
950, modem, 6.218502865119999e-07
951, outer, 6.191964156560001e-07
952, rapid, 6.1205704183008e-07
953, photo, 6.093515589638399e-07
954, order, 6.07314793176e-07
955, drama, 6.071390691839998e-07
956, keith, 6.065366559278399e-07
957, emacs, 6.04926074664e-07
958, cohen, 6.004664906239999e-07
959, which, 5.998130973172798e-07
960, fewer, 5.993101173696001e-07
961, quiet, 5.976545675099999e-07
962, twice, 5.955053349959999e-07
963, small, 5.899707123372e-07
964, latex, 5.876578064448001e-07
965, wagon, 5.86978259742e-07
966, tulsa, 5.868984838079999e-07
967, flour, 5.820360125212799e-07
968, argue, 5.814982855799999e-07
969, medal, 5.78589030636e-07
970, metro, 5.782782838272e-07
971, mpegs, 5.7716597574675e-07
972, audit, 5.769390409649998e-07
973, noble, 5.766306138879999e-07
974, study, 5.690196545670001e-07
975, venue, 5.68487883688e-07
976, stays, 5.681831218992e-07
977, truck, 5.680745342064e-07
978, chief, 5.662828691519999e-07
979, opens, 5.594943840075e-07
980, labor, 5.590089825062401e-07
981, witch, 5.582269024416e-07
982, align, 5.540532765767998e-07
983, robin, 5.507799518591999e-07
984, legal, 5.48136976392e-07
985, drunk, 5.418643508639999e-07
986, realm, 5.416333864191999e-07
987, anger, 5.378748917359999e-07
988, heavy, 5.366251537920001e-07
989, decor, 5.364284498841599e-07
990, charm, 5.36257843968e-07
991, anime, 5.346442271279999e-07
992, kitty, 5.335282762991999e-07
993, flyer, 5.332386792096e-07
994, pixel, 5.25008261232e-07
995, naked, 5.238696887423999e-07
996, buddy, 5.236908460874999e-07
997, steve, 5.211439291350001e-07
998, devil, 5.1668654217984e-07
999, media, 5.16375472968e-07
1000, reply, 5.1612886922688e-07
1001, shift, 5.141627573544e-07
1002, cream, 5.128373463192e-07
1003, armor, 5.099942709302399e-07
1004, ridge, 5.049313307999998e-07
1005, jesse, 5.000003086079999e-07
1006, robot, 4.998675193343999e-07
1007, stick, 4.991596520724e-07
1008, lemon, 4.989453922655999e-07
1009, sword, 4.938040025424001e-07
1010, pussy, 4.936264763976e-07
1011, going, 4.921417808208e-07
1012, smith, 4.853605478109299e-07
1013, pumps, 4.8006204671565e-07
1014, globe, 4.7391822086399986e-07
1015, stock, 4.725586674792001e-07
1016, laugh, 4.7077697722536003e-07
1017, bingo, 4.7077485755039996e-07
1018, adams, 4.702365618624e-07
1019, sharp, 4.670149841280001e-07
1020, yeast, 4.6499182592e-07
1021, units, 4.6172678010821996e-07
1022, ralph, 4.6095793236863994e-07
1023, dildo, 4.605152486399999e-07
1024, devon, 4.598271224064e-07
1025, enter, 4.5901482390400005e-07
1026, rocky, 4.5796080395519996e-07
1027, chevy, 4.5678831438240004e-07
1028, cisco, 4.563814897151999e-07
1029, agree, 4.5598879871999995e-07
1030, sight, 4.5571297572e-07
1031, sixth, 4.542253310808e-07
1032, doubt, 4.534836378112e-07
1033, hello, 4.5338516361215996e-07
1034, viral, 4.50829154592e-07
1035, retro, 4.4918893916160005e-07
1036, macro, 4.4867870403840016e-07
1037, flush, 4.434853595299199e-07
1038, calif, 4.3565657466239997e-07
1039, older, 4.348673827679999e-07
1040, aside, 4.3472437965e-07
1041, utils, 4.3315297093133995e-07
1042, thing, 4.3191292304159993e-07
1043, depot, 4.3055805623039995e-07
1044, crowd, 4.288436899084799e-07
1045, quite, 4.2853802780249986e-07
1046, width, 4.270535056619999e-07
1047, angle, 4.2407612542999987e-07
1048, alarm, 4.22340361344e-07
1049, draft, 4.2082158355199994e-07
1050, inner, 4.19257634432e-07
1051, scope, 4.1625452855699997e-07
1052, tumor, 4.158827556155999e-07
1053, radio, 4.149005871456e-07
1054, sigma, 4.1449732776e-07
1055, speak, 4.1070330011250006e-07
1056, thong, 4.088956199328e-07
1057, nerve, 4.0816030976e-07
1058, valve, 4.0762213703999993e-07
1059, quote, 4.0570057804499997e-07
1060, edges, 4.0245071958000006e-07
1061, crown, 3.9994043181119995e-07
1062, jesus, 3.9763057396031996e-07
1063, begun, 3.96660825036e-07
1064, shown, 3.961095847632e-07
1065, serum, 3.935224503014401e-07
1066, dutch, 3.915568168848e-07
1067, tahoe, 3.89963841696e-07
1068, chuck, 3.8770772261760006e-07
1069, brown, 3.8565684496079997e-07
1070, graph, 3.812892553007999e-07
1071, klein, 3.781278079235999e-07
1072, dozen, 3.7566130201599995e-07
1073, gifts, 3.722365719864e-07
1074, smell, 3.6587699821556995e-07
1075, angel, 3.6470152154799987e-07
1076, depth, 3.6437968832831994e-07
1077, lexus, 3.6429627434688004e-07
1078, promo, 3.6242543816064e-07
1079, queen, 3.617050059349999e-07
1080, rough, 3.5915684898496e-07
1081, refer, 3.5566889845759995e-07
1082, visit, 3.5254630123199993e-07
1083, basic, 3.522355217668799e-07
1084, april, 3.50897765256e-07
1085, asset, 3.4833672619199997e-07
1086, highs, 3.47616663264e-07
1087, along, 3.468055757471999e-07
1088, irish, 3.455239037183999e-07
1089, icons, 3.452420560320001e-07
1090, acute, 3.4379112330899993e-07
1091, drawn, 3.4244945683199995e-07
1092, wrong, 3.414283356456e-07
1093, style, 3.39793974081e-07
1094, samba, 3.368910053664e-07
1095, renew, 3.3667174661119996e-07
1096, saudi, 3.33064661238e-07
1097, mayor, 3.2814841348368e-07
1098, dream, 3.208391279928e-07
1099, views, 3.195491975496e-07
1100, bryan, 3.1836931667099993e-07
1101, paxil, 3.1676459981255997e-07
1102, bloom, 3.1434515015328e-07
1103, villa, 3.0979686902399994e-07
1104, evans, 3.0636754896000005e-07
1105, gnome, 3.04943295624e-07
1106, award, 3.01441402944e-07
1107, bobby, 2.9650842643967993e-07
1108, twist, 2.953753566192e-07
1109, micro, 2.90511391104e-07
1110, syria, 2.887546395168e-07
1111, crazy, 2.885561812224e-07
1112, yemen, 2.8635687807999997e-07
1113, disco, 2.8551945415679994e-07
1114, yield, 2.8273957113599996e-07
1115, jason, 2.8031413404959993e-07
1116, diego, 2.7928367775359997e-07
1117, prize, 2.7822959762399995e-07
1118, sanyo, 2.7670464636767996e-07
1119, comic, 2.7639506236607996e-07
1120, italy, 2.75286630528e-07
1121, tight, 2.7077035752e-07
1122, vital, 2.7007218223199995e-07
1123, amend, 2.698333669284e-07
1124, qatar, 2.6890707569760005e-07
1125, video, 2.6831580048000004e-07
1126, tampa, 2.6733239529359994e-07
1127, scout, 2.6700532541820006e-07
1128, ended, 2.6086968908e-07
1129, shelf, 2.606200745148e-07
1130, haiti, 2.5849672127136e-07
1131, naval, 2.582633775456e-07
1132, mardi, 2.56022934624e-07
1133, asian, 2.556878908815e-07
1134, sparc, 2.5470428940000005e-07
1135, inter, 2.53249558016e-07
1136, kinda, 2.5255179539999995e-07
1137, storm, 2.5248685199760006e-07
1138, stuck, 2.4984062000280007e-07
1139, vsnet, 2.48379676818e-07
1140, theft, 2.454848764368e-07
1141, angry, 2.3701608730799998e-07
1142, forum, 2.3610837257472002e-07
1143, karma, 2.3423127790079998e-07
1144, olive, 2.3386953545999995e-07
1145, apple, 2.3278478422499997e-07
1146, joyce, 2.2857929409600002e-07
1147, lucia, 2.2551107518799996e-07
1148, kevin, 2.211468075936e-07
1149, cycle, 2.2108491921600001e-07
1150, johns, 2.2081637043840004e-07
1151, maybe, 2.2079322004800002e-07
1152, debut, 2.195773900544e-07
1153, quilt, 2.1903054754349993e-07
1154, magic, 2.1724189534260002e-07
1155, lucky, 2.14131368178e-07
1156, royal, 2.134213676256e-07
1157, vocal, 2.1085950605760002e-07
1158, steam, 2.0943665299530004e-07
1159, fifty, 2.0900653890479994e-07
1160, fight, 2.0577110724e-07
1161, items, 2.0528543834880002e-07
1162, newer, 2.0499962129919999e-07
1163, added, 2.0446007181599997e-07
1164, entry, 2.0226617611200004e-07
1165, japan, 2.0204634662099997e-07
1166, human, 2.0162049452999997e-07
1167, cyber, 1.9913314686720002e-07
1168, ideas, 1.9840358721600004e-07
1169, might, 1.9787064588e-07
1170, lobby, 1.9767228429312004e-07
1171, audio, 1.9572109237799997e-07
1172, youth, 1.9324266497279998e-07
1173, logic, 1.9149531706080002e-07
1174, organ, 1.90002473955e-07
1175, sperm, 1.8983911963500003e-07
1176, light, 1.8745640136e-07
1177, emily, 1.864767891987e-07
1178, skirt, 1.83629556198e-07
1179, civic, 1.8214224174719994e-07
1180, julia, 1.8193405582799997e-07
1181, cheap, 1.811113450608e-07
1182, query, 1.80548549181e-07
1183, orbit, 1.7870450441759999e-07
1184, owner, 1.757291964792e-07
1185, lycos, 1.7504888037984e-07
1186, humor, 1.7208941611679997e-07
1187, intel, 1.71713721088e-07
1188, topic, 1.7140400510688e-07
1189, grown, 1.6795527986159999e-07
1190, amber, 1.673820561504e-07
1191, users, 1.6678047099780002e-07
1192, owned, 1.6634306729039998e-07
1193, vista, 1.6511662209599998e-07
1194, relax, 1.638243396864e-07
1195, happy, 1.6352809750368003e-07
1196, annex, 1.6063507918639998e-07
1197, kathy, 1.5993341765855997e-07
1198, papua, 1.597394178828e-07
1199, gamma, 1.5961488116639998e-07
1200, proof, 1.5940381476239996e-07
1201, turbo, 1.5497532144639996e-07
1202, unity, 1.5428569274117996e-07
1203, right, 1.5369988463999997e-07
1204, aruba, 1.4820522721919998e-07
1205, kodak, 1.4786511996000003e-07
1206, adult, 1.457152620204e-07
1207, combo, 1.4528225216512e-07
1208, miami, 1.4436259948800001e-07
1209, email, 1.4371781151599997e-07
1210, strip, 1.4186774048544003e-07
1211, amino, 1.4105723472719999e-07
1212, dylan, 1.38404370384e-07
1213, below, 1.3611399791615998e-07
1214, quest, 1.34046959998e-07
1215, floyd, 1.3370287056191996e-07
1216, apply, 1.314832677795e-07
1217, setup, 1.3136780342592002e-07
1218, strap, 1.2869858314080004e-07
1219, indie, 1.277883144e-07
1220, nepal, 1.2753712802879997e-07
1221, enemy, 1.243302337368e-07
1222, upset, 1.2271191659999998e-07
1223, lloyd, 1.2180261506688e-07
1224, swing, 1.203665837022e-07
1225, multi, 1.184323276836e-07
1226, jewel, 1.184321905312e-07
1227, hobby, 1.1814895153152e-07
1228, onion, 1.1738574498419997e-07
1229, fifth, 1.1662513831439995e-07
1230, actor, 1.1584610080415999e-07
1231, queue, 1.1575295023249998e-07
1232, adobe, 1.15280643168e-07
1233, jimmy, 1.1203284324960001e-07
1234, asked, 1.1155593889439998e-07
1235, nokia, 1.1043282942719999e-07
1236, judge, 1.0854210298749999e-07
1237, skill, 1.0735285326182997e-07
1238, puppy, 1.0713054925754998e-07
1239, again, 1.0688756500799998e-07
1240, screw, 1.0599531022080001e-07
1241, mambo, 1.0595280595584002e-07
1242, eight, 1.041424452e-07
1243, exams, 1.0393228243200002e-07
1244, under, 1.0358368056399999e-07
1245, avoid, 1.0234993820831998e-07
1246, arrow, 9.976253912063999e-08
1247, agent, 9.7791127704e-08
1248, rugby, 9.669144794399999e-08
1249, ultra, 9.4112023104e-08
1250, msgid, 9.37663107777e-08
1251, eddie, 9.301127805e-08
1252, toxic, 9.250374878784e-08
1253, admit, 9.17697884364e-08
1254, newly, 9.129174530111998e-08
1255, knows, 8.854204538952e-08
1256, music, 8.841865559939999e-08
1257, abuse, 8.7869131856e-08
1258, image, 8.74000608e-08
1259, swift, 8.51373396918e-08
1260, nikon, 8.447187772799998e-08
1261, throw, 8.422419253248002e-08
1262, adopt, 8.388183641039999e-08
1263, apnic, 8.300247523649998e-08
1264, linux, 8.272009325520001e-08
1265, urban, 7.9693979652e-08
1266, stamp, 7.819422471360002e-08
1267, after, 7.75950663488e-08
1268, union, 7.661704313339997e-08
1269, ebony, 7.479797925600001e-08
1270, uncle, 7.390318112399998e-08
1271, remix, 7.342864399296e-08
1272, cubic, 7.338801904559999e-08
1273, opera, 7.056201735e-08
1274, night, 7.038592847999999e-08
1275, volvo, 7.010035607040001e-08
1276, exact, 6.974830368000002e-08
1277, admin, 6.911775205019999e-08
1278, diffs, 6.785440165439998e-08
1279, howto, 6.735557776896e-08
1280, mazda, 6.733092168000001e-08
1281, quick, 6.726419676899999e-08
1282, major, 6.623178987744001e-08
1283, plaza, 6.587031974399998e-08
1284, epson, 6.566183189999999e-08
1285, essay, 6.5573138358e-08
1286, knock, 6.218857168560002e-08
1287, among, 6.12889164036e-08
1288, event, 6.123943804e-08
1289, ocean, 6.062121029475e-08
1290, usage, 5.954129141999999e-08
1291, allow, 5.863053487103999e-08
1292, young, 5.7789564288e-08
1293, upper, 5.685937802999999e-08
1294, every, 5.3040163176000006e-08
1295, group, 5.2392557978639996e-08
1296, climb, 5.218125276671999e-08
1297, knife, 5.120936379899999e-08
1298, scoop, 5.017115054916e-08
1299, lying, 4.9512495423599995e-08
1300, exist, 4.9006469424e-08
1301, dying, 4.81845740904e-08
1302, above, 4.7438757959999995e-08
1303, oxide, 4.5884034899999995e-08
1304, until, 4.569931892375999e-08
1305, about, 4.26012456144e-08
1306, scuba, 4.20482144952e-08
1307, delhi, 4.160233829376e-08
1308, nylon, 4.0236363014399994e-08
1309, vinyl, 4.020503236559999e-08
1310, yacht, 4.0151455488e-08
1311, empty, 3.9257118236700005e-08
1312, edgar, 3.9220905870000005e-08
1313, alpha, 3.8016163382399996e-08
1314, squad, 3.75205147515e-08
1315, ideal, 3.6993243312e-08
1316, intro, 3.651708825600001e-08
1317, kenya, 3.520343380159999e-08
1318, lyric, 3.499150529088e-08
1319, ivory, 3.4476938496000006e-08
1320, debug, 3.418736579328e-08
1321, ought, 3.3039955515e-08
1322, india, 3.2608052639999996e-08
1323, cliff, 3.0585093739199994e-08
1324, excel, 2.9291886624e-08
1325, proxy, 2.8928840456879995e-08
1326, dubai, 2.7894547715999995e-08
1327, ozone, 2.5997466149999997e-08
1328, tokyo, 2.510180414976e-08
1329, oscar, 2.46462174468e-08
1330, album, 2.4174134759039997e-08
1331, czech, 2.38849329852e-08
1332, issue, 2.3733961920000002e-08
1333, other, 2.28946573856e-08
1334, staff, 2.2602143772e-08
1335, known, 2.14942949844e-08
1336, thumb, 2.146470213888e-08
1337, often, 2.0211158967999998e-08
1338, lopez, 1.9507133318400002e-08
1339, yukon, 1.8994998959999996e-08
1340, aging, 1.89479867544e-08
1341, usual, 1.892966976045e-08
1342, zdnet, 1.850060394e-08
1343, isaac, 1.715666976e-08
1344, essex, 1.6492124375999996e-08
1345, index, 1.6468262719999998e-08
1346, twiki, 1.6387252853400002e-08
1347, ebook, 1.6293453264e-08
1348, extra, 1.582923936e-08
1349, xanax, 1.45310600556e-08
1350, input, 1.4502420576000001e-08
1351, omega, 1.4435990903099998e-08
1352, jacob, 1.3451179541759998e-08
1353, omaha, 1.3005410903999999e-08
1354, using, 1.2467395878299999e-08
1355, skype, 1.1807288041499997e-08
1356, islam, 1.1573516736e-08
1357, endif, 1.0382800544999999e-08
1358, ascii, 9.972937229040001e-09
1359, occur, 9.13247437176e-09
1360, hindu, 8.92657584e-09
1361, stuff, 8.7309894087e-09
1362, xhtml, 8.43175734016e-09
1363, xerox, 7.73072999424e-09
1364, yahoo, 7.647328972800001e-09
1365, idaho, 7.484378112000001e-09
1366, enjoy, 6.4502205768e-09
1367, equal, 6.1418709225e-09
1368, tvcom, 5.82962567616e-09
1369, sbjct, 5.414997614400001e-09
1370, rehab, 5.1074191872e-09
1371, fuzzy, 4.4229361176e-09
1372, awful, 3.6572840968799997e-09
1373, phpbb, 3.65042329344e-09
1374, pizza, 3.626897471999999e-09
1375, inbox, 2.8259788031999997e-09
1376, offer, 2.6139569456000003e-09
1377, iraqi, 2.11165056e-09
1378, egypt, 1.824946452e-09
1379, mysql, 1.3407211908000001e-09
